scenario,bucket,n_funds,draw_rmse,draw_mae,draw_bias,draw_cov_90,rep_rmse,rep_mae,rep_bias,rep_cov_90,nav_rmse,nav_mae,nav_bias,nav_cov_90
neutral,PORTFOLIO,482,123470343.78745043,88099336.30967934,-68408394.15694977,0.6333333333333333,248856658.767785,194264198.67122266,-27914824.256753635,0.7,6348393143.216315,5723253264.358331,-5723253264.358331,0.06666666666666667
