scenario,bucket,n_funds,draw_rmse,draw_mae,draw_bias,draw_cov_90,rep_rmse,rep_mae,rep_bias,rep_cov_90,nav_rmse,nav_mae,nav_bias,nav_cov_90
bullish,PORTFOLIO,482,78380431.83854088,58940051.35511284,-44469411.61895861,1.0,295202033.03454375,222998300.66341498,-100826799.1484477,0.9,4880905815.572254,4441066719.32668,-4441066719.32668,0.1
