scenario,bucket,n_funds,draw_rmse,draw_mae,draw_bias,draw_cov_90,rep_rmse,rep_mae,rep_bias,rep_cov_90,nav_rmse,nav_mae,nav_bias,nav_cov_90
conditional,PORTFOLIO,482,111146898.41123451,72477371.07677418,-30463368.631894033,0.7333333333333333,283552077.17253476,209615695.10814753,-53516156.377068676,0.7333333333333333,6158302998.380366,5502582733.410168,-5502582733.410168,0.06666666666666667
