scenario,bucket,n_funds,draw_rmse,draw_mae,draw_bias,draw_cov_90,rep_rmse,rep_mae,rep_bias,rep_cov_90,nav_rmse,nav_mae,nav_bias,nav_cov_90
conditional,PORTFOLIO,482,221046887.06477877,134041924.48555997,16476405.594370445,0.26666666666666666,295345919.8642584,228128930.19254467,107230557.25112428,0.7666666666666667,4505637142.517214,3891244181.1389866,-3788083458.955009,0.16666666666666666
